<?xml version="1.0" encoding="UTF-8"?>
<b:beans xmlns="http://www.springframework.org/schema/security"
  xmlns:b="http://www.springframework.org/schema/beans"
  xmlns:xsi="http://www.w3.org/2001/XMLSchema-instance"
  xsi:schemaLocation="http://www.springframework.org/schema/beans
           http://www.springframework.org/schema/beans/spring-beans-3.0.xsd
           http://www.springframework.org/schema/security
           http://www.springframework.org/schema/security/spring-security.xsd">
	<http>

		<intercept-url pattern="/admin/**" access="ROLE_ADMINISTRADOR" />
		<intercept-url pattern="/restrito/**" access="ROLE_USUARIO" />
		<form-login login-page="/publico/login.jsf"
					always-use-default-target="true" 
					default-target-url="/restrito/principal.jsf"
					authentication-failure-url="/publico/login.jsf?login_error=1" />
		<logout />
		<remember-me />
	</http>

	<authentication-manager>
		<authentication-provider>
			<!-- <password-encoder hash="md5" />  -->
			<jdbc-user-service data-source-ref="financeiroDataSource"
				authorities-by-username-query="SELECT u.login, p.permissao 
											 FROM Usuario u, Usuario_Permissao p 
											WHERE u.codigo = p.Usuario_codigo 
											  AND u.login = ?"
				users-by-username-query="SELECT login, senha, ativo 
									   FROM Usuario 
									  WHERE login = ?" />
		</authentication-provider>
	</authentication-manager>
</b:beans>
