<?xml version='1.0' encoding='utf-8'?>
<!DOCTYPE hibernate-configuration PUBLIC
    "-//Hibernate/Hibernate Configuration DTD//EN"
    "http://hibernate.sourceforge.net/hibernate-configuration-3.0.dtd">
<hibernate-configuration>
	<session-factory>
		<property name="dialect">org.hibernate.dialect.PostgreSQL9Dialect</property>
		<property name="connection.datasource">java:/comp/env/jdbc/FinanceiroDB</property>
		<property name="current_session_context_class">thread</property>
		<property name="hibernate.hbm2ddl.auto">update</property>
		<mapping class="financeiro.usuario.Usuario"/>
	</session-factory>

</hibernate-configuration>

